Name,Email,Phone_no,Sex,Address,Hashed_pwd

Yash,yash@gmail.com,123456,male,Dehradun,5411aca5f60b426687a88c483eea5d028297a66d1ec7fec22e36ae5d5295a653

Tim,tim@gmail.com,9000132,male,"Bay area,CA",262cc47030b1803064844b94c1cb0054a247d1e550e26bb33f215149d8b2c72e

Henry,Henry@gmail.com,43566,male,washington,4b393bf4343ef1153f2d1067f28acd7b4f87c62ba9cf02138d5665bc6da09c33

Divya,divya@gmail.com,43566,female,Delhi,350a770c0ec9f353e1a5629895f374fdaa299876c3870c03feb60eb4a3769d94

John,john@gmail.com,346365,male,Seattle,96d9632f363564cc3032521409cf22a852f2032eec099ed5967c0d000cec607a

Anudeep,anudeep@gmail.com,435352,male,Mussorie,c3f362b4e549d0d95bfa7b44083e50db3cab20fce3ffd66749914e9d579f6de4

Sundar,sundar@gmail.com,34643,male,Bay area,262cc47030b1803064844b94c1cb0054a247d1e550e26bb33f215149d8b2c72e

Akash,akash@gmail.com,345354,male,Los Angeles,d04b98f48e8f8bcc15c6ae5ac050801cd6dcfd428fb5f9e65c4e16e7807340fa

Manoj,manoj@gmail.com,98496878,male,banglore,befb90274c7db469f79d9d4b4d54788127121dc5d457282099226adc743f2d92

Brock,brock@gmail.com,879076,male,NY,2cf24dba5fb0a30e26e83b2ac5b9e29e1b161e5c1fa7425e73043362938b9824
Priya,priya@gmail.com,799312,female,Kadapa,4f0d9e5f2d159c8bd63247f9470d09f15e1ff431cb88d5a101df49c4c01882e6
